agency_id,agency_name,route_id,route_short_name,route_long_name,mode,route_fare,fare_type
45,SuperVia,240,"",Ramal Deodoro,RAIL,4.7,RAIL
45,SuperVia,241,"",Ramal Santa Cruz,RAIL,4.7,RAIL
45,SuperVia,242,"",Ramal Japeri,RAIL,4.7,RAIL
45,SuperVia,243,"",Ramal Belford Roxo,RAIL,4.7,RAIL
45,SuperVia,244,"",Ramal Saracuruna,RAIL,4.7,RAIL
45,SuperVia,245,"",Ramal Vila Inhomirim,RAIL,4.7,RAIL
45,SuperVia,246,"",Ramal Guapimirim,RAIL,4.7,RAIL
45,SuperVia,248,"",Ramal Paracambi,RAIL,4.7,RAIL
148,Fetranspor,12349195,10L2,Ceasa - Ceasa (via Amaral Peixoto),BUS,4.05,BUS
148,Fetranspor,12860034,457,Abolição - Copacabana (via Túnel Santa Bárbara) (Circular),BUS,4.05,BUS
148,Fetranspor,12860043,852,Campo Grande - Pedra de Guaratiba (via Estrada do Mato Alto) (Circular),BUS,4.05,BUS
148,Fetranspor,12860063,777,Padre Miguel - Madureira,BUS,4.05,BUS
148,Fetranspor,12860067,844,Barra Shopping - Barrinha (Circular),BUS,4.05,BUS
148,Fetranspor,12860075,824,Campo Grande - Santa Maria (Vila Nova)  (Circular),BUS,4.05,BUS
148,Fetranspor,12860083,386,Anchieta - Passeio (via Mariópolis),BUS,4.05,BUS
148,Fetranspor,12860091,887,Pechincha - Barra da Tijuca (Circular),BUS,4.05,BUS
148,Fetranspor,12860095,920,Pavuna - Bonsucesso (via Fazenda Botafogo),BUS,4.05,BUS
148,Fetranspor,12860099,608,Grajaú - Praça Saens Peña,BUS,4.05,BUS_SUBWAY
148,Fetranspor,12860107,746,Jabour - Cascadura (Circular),BUS,4.05,BUS
148,Fetranspor,12860111,825,Jesuítas - Campo Grande (via Santa Cruz),BUS,4.05,BUS
148,Fetranspor,12860115,484,Olaria - Gal. Osório (via Aterro do Flamengo) (Circular),BUS,4.05,BUS
148,Fetranspor,12860121,402,Engenho da Rainha - Gávea,BUS,4.05,BUS
148,Fetranspor,12860129,615,Del Castilho - Pavuna (via Norte Shopping) (Circular),BUS,4.05,BUS
148,Fetranspor,12860141,370,Padre Miguel - Candelária,BUS,4.05,BUS
148,Fetranspor,12860165,869,Santa Margarida - Campo Grande (Circular),BUS,4.05,BUS
148,Fetranspor,12860169,745,Bangu - Cascadura,BUS,4.05,BUS
148,Fetranspor,12860181,485,Penha - Siqueira Campos (via Linha Vermelha/Túnel Santa Bárbara),BUS,4.05,BUS
148,Fetranspor,12860185,110,Rodoviária - Jardim de Alah (via Túnel Rebouças) (Circular),BUS,4.05,BUS
148,Fetranspor,12860197,584,Cosme Velho - Leblon (via Copacabana) (Circular),BUS,4.05,BUS
148,Fetranspor,12860201,786,Campo Grande - Marechal Hermes,BUS,4.05,BUS
148,Fetranspor,12860205,300,Sulacap - Candelária,BUS,4.05,BUS
148,Fetranspor,12860209,841,Vilar Carioca - Campo Grande,BUS,4.05,BUS
148,Fetranspor,12860219,324,Ribeira - Candelária,BUS,4.05,BUS
148,Fetranspor,12860223,794,Cascadura - Bangu (via Barata),BUS,4.05,BUS
148,Fetranspor,12860231,607,Cascadura - Rio Comprido (via Estácio) (Circular),BUS,4.05,BUS
148,Fetranspor,12860235,804,Largo do Aarão - Campo Grande (via Rua Felipe Cardoso),BUS,4.05,BUS
148,Fetranspor,12860251,693,Méier - Alvorada (via Rua Dias da Cruz/Linha Amarela),BUS,4.05,BUS
148,Fetranspor,12860255,385,Village Pavuna - Passeio (via Estrada do Camboatá),BUS,4.05,BUS
148,Fetranspor,12860267,456,Norte Shopping - Copacabana (via Túnel Santa Bárbara) (Circular),BUS,4.05,BUS
148,Fetranspor,12860279,439,Vila Isabel - Leblon (via Túnel Rebouças/Jóquei) (Circular),BUS,4.05,BUS
148,Fetranspor,12860289,653,Marechal Hermes - Méier (Circular),BUS,4.05,BUS
148,Fetranspor,12860293,327,Ribeira - Castelo (via Linha Vermelha) (Circular),BUS,4.05,BUS
148,Fetranspor,12860300,306,Praça Seca - Castelo (via Av. Menezes Côrtes),BUS,4.05,BUS
148,Fetranspor,12860308,433,Vila Isabel - Prado Júnior (via Lapa) (Circular),BUS,4.05,BUS
148,Fetranspor,12860322,843,Campo Grande - Boa Esperança (Circular),BUS,4.05,BUS
148,Fetranspor,12860326,905,Bonsucesso - Irajá,BUS,4.05,BUS
148,Fetranspor,12860350,651,Méier - Cascadura (via Rua Arquias Cordeiro) (Circular),BUS,4.05,BUS
148,Fetranspor,12860358,220,Usina - Candelária (via Rua Haddock Lobo) (Circular),BUS,4.05,BUS
148,Fetranspor,12860370,751,Jardim Novo (Realengo) - Cascadura,BUS,4.05,BUS
148,Fetranspor,12860374,737,Santíssimo - Marechal Hermes (Circular),BUS,4.05,BUS
148,Fetranspor,12860378,846,Rio da Prata - Campo Grande (via Estrada do Cabuçu),BUS,4.05,BUS
148,Fetranspor,12860382,394,Vila Kennedy - Tiradentes,BUS,4.05,BUS
148,Fetranspor,12860390,349,Rocha Miranda - Castelo (Circular),BUS,4.05,BUS
148,Fetranspor,12860394,339,Rodoviária - Cidade de Deus (via Linha Amarela),BUS,4.05,BUS
148,Fetranspor,12860398,393,Bangu - Candelária,BUS,4.05,BUS
148,Fetranspor,12860402,384,Pavuna - Passeio,BUS,4.05,BUS
148,Fetranspor,12860406,326,Bancários - Candelária,BUS,4.05,BUS
148,Fetranspor,12861068,432,Vila Isabel - Leblon (via Túnel Santa Bárbara),BUS,4.05,BUS
148,Fetranspor,12861072,390,Curicica - Candelária (via Estrada do Guerenguê),BUS,4.05,BUS
148,Fetranspor,12861076,557,Rio das Pedras - Copacabana (Circular),BUS,4.05,BUS
148,Fetranspor,12861080,315,Recreio dos Bandeirantes - Central (via Linha Amarela),BUS,4.05,BUS
148,Fetranspor,12861084,613,Vargem Grande - Del Castilho (via Abelardo Bueno/Linha Amarela),BUS,4.05,BUS
148,Fetranspor,12861095,474,Jacaré - Copacabana (via Túnel Santa Bárbara) (Circular),BUS,4.05,BUS
148,Fetranspor,12861099,917,Realengo - Bonsucesso,BUS,4.05,BUS
148,Fetranspor,12861114,638,Saens Peña - Marechal Hermes (Circular),BUS,4.05,BUS
148,Fetranspor,12861118,600,Taquara - Pça. Saens Peña (via Cidade de Deus / Av. Menezes Cortes / Boiuna),BUS,4.05,BUS
148,Fetranspor,12861122,358,Cosmos - Candelária,BUS,4.05,BUS
148,Fetranspor,12861128,901,Bonsucesso - Bananal (via Jardim Guanabara),BUS,4.05,BUS
148,Fetranspor,12861136,371,Praça Seca - Praça Tiradentes,BUS,4.05,BUS
148,Fetranspor,12861152,463,São Cristóvão - Copacabana (via Túnel Rebouças/Túnel Velho) (Circular),BUS,4.05,BUS
148,Fetranspor,12861160,325,Ribeira - Castelo (via Linha Vermelha) (Circular),BUS,4.05,BUS
148,Fetranspor,12861164,355,Madureira - Praça Tiradentes,BUS,4.05,BUS
148,Fetranspor,12861168,842,Paciência - Campo Grande (via Santa Margarida),BUS,4.05,BUS
148,Fetranspor,12861192,742,Barata - Cascadura,BUS,4.05,BUS
148,Fetranspor,12861196,752,Conjunto dos Palmares - Coelho Neto,BUS,4.05,BUS
148,Fetranspor,12861208,298,Acari - Castelo,BUS,4.05,BUS
148,Fetranspor,12861212,14,Paula Matos - Castelo (Circular),BUS,4.05,BUS
148,Fetranspor,12861232,630,Penha (Iapi) - Saens Peña,BUS,4.05,BUS
148,Fetranspor,12861236,779,Pavuna - Madureira (via Rua João Vicente),BUS,4.05,BUS
148,Fetranspor,12861240,944,Pavuna - Conjunto Engenheiro Rubens Paiva (Circular),BUS,4.05,BUS
148,Fetranspor,12861244,483,Penha - Siqueira Campos (via Túnel Santa Bárbara),BUS,4.05,BUS
148,Fetranspor,12861248,222,Vila Isabel - Praça Mauá (via Hosp. dos Servidores) (Circular),BUS,4.05,BUS
148,Fetranspor,12861252,898,Sepetiba - Campo Grande (via Estrada do Campinho),BUS,4.05,BUS
148,Fetranspor,12861256,313,Penha (Grotão) - Praça Tiradentes (via Vila Cruzeiro) (Circular),BUS,4.05,BUS
148,Fetranspor,12861270,663,Méier - Fundão (Circular),BUS,4.05,BUS
148,Fetranspor,12861274,389,Vila Aliança - Candelária (via Senador Camará) (Expresso),BUS,4.05,BUS
148,Fetranspor,12861278,913,Del Castilho - Fundão (via Cidade Universitária),BUS,4.05,BUS_SUBWAY
148,Fetranspor,12861282,696,Praia do Dendê - Méier,BUS,4.05,BUS
148,Fetranspor,12861286,395,Coqueiros - Tiradentes,BUS,4.05,BUS
148,Fetranspor,12861295,908,Bonsucesso - Guadalupe (via Metrô Inhaúma),BUS,4.05,BUS
148,Fetranspor,12861299,366,Campo Grande - Tiradentes,BUS,4.05,BUS
148,Fetranspor,12861307,238,Água Santa - Castelo (Circular),BUS,4.05,BUS
148,Fetranspor,12861311,323,Bananal - Castelo (via Cacuia) (Circular),BUS,4.05,BUS
148,Fetranspor,12861315,301,Rodoviária - Barra da Tijuca (via Av. das Américas),BUS,4.05,BUS
148,Fetranspor,12861319,369,Bangu - Candelária,BUS,4.05,BUS
148,Fetranspor,12861331,605,Vila Isabel - São Francisco Xavier,BUS,4.05,BUS_SUBWAY
148,Fetranspor,12861340,942,Penha - Pavuna,BUS,4.05,BUS
148,Fetranspor,12861348,328,Bananal - Candelária,BUS,4.05,BUS
148,Fetranspor,12861352,335,Cordovil - Tiradentes (Rápido) (Circular),BUS,4.05,BUS
148,Fetranspor,12861365,440,Caju - Copacabana (via Túnel Rebouças/Túnel Velho) (Circular),BUS,4.05,BUS
148,Fetranspor,12861369,397,Campo Grande - Candelária,BUS,4.05,BUS
148,Fetranspor,12861373,497,Penha - Cosme Velho (Circular),BUS,4.05,BUS
148,Fetranspor,12861377,380,Curicica - Candelária (via Linha Amarela/Estrada do Pau Ferro),BUS,4.05,BUS
148,Fetranspor,12861381,321,Bancários - Castelo (via Linha Vermelha) (Circular),BUS,4.05,BUS
148,Fetranspor,12861385,627,Inhaúma - Saens Peña,BUS,4.05,BUS
148,Fetranspor,12861396,362,Honório Gurgel - Castelo (Circular),BUS,4.05,BUS
148,Fetranspor,12861400,350,Irajá - Passeio,BUS,4.05,BUS
148,Fetranspor,12861412,867,Barra de Guaratiba - Campo Grande,BUS,4.05,BUS
148,Fetranspor,12861416,801,Bangu - Taquara,BUS,4.05,BUS
148,Fetranspor,12861420,422,Grajaú - Cosme Velho,BUS,4.05,BUS
148,Fetranspor,12861424,769,Jardim Violeta - Madureira (via Bangu) (Circular),BUS,4.05,BUS
148,Fetranspor,12861428,840,São Fernando - Campo Grande (via Av. João XXIII),BUS,4.05,BUS
148,Fetranspor,12861432,919,Pavuna - Bonsucesso (Parque União),BUS,4.05,BUS
148,Fetranspor,12862090,687,Pavuna - Méier,BUS,4.05,BUS
148,Fetranspor,12862094,334,Cordovil - INTO (via Praça das Nações) (Circular),BUS,4.05,BUS
148,Fetranspor,12862098,342,Jardim América - Castelo,BUS,4.05,BUS
148,Fetranspor,12862106,351,Irajá - Candelária (Rápido),BUS,4.05,BUS
148,Fetranspor,12862118,603,Usina - Praça Saens Peña (via São Miguel),BUS,4.05,BUS_SUBWAY
148,Fetranspor,12862124,606,Engenho de Dentro - Rodoviária,BUS,4.05,BUS
148,Fetranspor,12862128,685,Irajá - Méier,BUS,4.05,BUS
148,Fetranspor,12862136,361,Recreio dos Bandeirantes - Castelo (via Linha Amarela),BUS,4.05,BUS
148,Fetranspor,12862144,795,Pavuna - Sulacap (via Mariópolis),BUS,4.05,BUS
148,Fetranspor,12862154,771,Campo Grande - Coelho Neto (via Estrada da Posse),BUS,4.05,BUS
148,Fetranspor,12862158,460,São Cristóvão - Leblon (via Túnel Rebouças) (Circular),BUS,4.05,BUS
148,Fetranspor,12862162,667,Madureira - Méier (Circular),BUS,4.05,BUS
148,Fetranspor,12862170,744,Realengo - Cascadura (via Jardim Novo) (Circular),BUS,4.05,BUS
148,Fetranspor,12862174,709,Cascadura - Amarelinho (Circular),BUS,4.05,BUS
148,Fetranspor,12862180,363,Vila Valqueire - Candelária,BUS,4.05,BUS
148,Fetranspor,12862188,678,Méier - Vila Valqueire,BUS,4.05,BUS
148,Fetranspor,12862198,624,Mariópolis - Praça da Bandeira,BUS,4.05,BUS
148,Fetranspor,12862202,625,Olaria - Saens Peña (Circular),BUS,4.05,BUS
148,Fetranspor,12862206,849,Base Aérea de Santa Cruz - Campo Grande,BUS,4.05,BUS
148,Fetranspor,12862210,133,Rodoviária - Largo do Machado (via Estácio),BUS,4.05,BUS
148,Fetranspor,12862218,721,Vila Cruzeiro - Cascadura,BUS,4.05,BUS
148,Fetranspor,12862222,835,Largo do Correia - Campo Grande (via Estrada da Cachamorra),BUS,4.05,BUS
148,Fetranspor,12862233,312,Olaria - Candelária (via São Cristóvão) (Circular),BUS,4.05,BUS
148,Fetranspor,12862247,322,Ribeira - Candelária (via Cocotá),BUS,4.05,BUS
148,Fetranspor,12862255,863,Rio das Pedras - Barra da Tijuca (via Av. Ayrton Senna) (Circular),BUS,4.05,BUS
148,Fetranspor,12862263,436,Grajaú - Leblon (via Túnel Rebouças) (Circular),BUS,4.05,BUS
148,Fetranspor,12862271,862,Rio das Pedras - Barra da Tijuca (via Estrada de Jacarepaguá) (Circular),BUS,4.05,BUS
148,Fetranspor,12862275,839,Campo Grande - Cesarão (via Estrada Urucânia) (Circular),BUS,4.05,BUS
148,Fetranspor,12862279,462,São Cristóvão - Copacabana (via Túnel Rebouças) (Circular),BUS,4.05,BUS
148,Fetranspor,12862289,331,Praça Seca - Castelo (via Linha Amarela),BUS,4.05,BUS
148,Fetranspor,12862300,774,Madureira - Jardim América (Circular),BUS,4.05,BUS
148,Fetranspor,12862304,441,Caju - Siqueira Campos (via São Cristóvão/Túnel Rebouças) (Circular),BUS,4.05,BUS
148,Fetranspor,12862322,873A,Paciência - Campo Grande (via Jardim Sete de Abril/Estrada dos Gouveia) (Circular),BUS,4.05,BUS
148,Fetranspor,12862328,486,Fundão - Siqueira Campos (via Túnel Santa Bárbara),BUS,4.05,BUS
148,Fetranspor,12862332,513,Urca - Fonte da Saudade (via Mena Barreto) (Circular),BUS,4.05,BUS_SUBWAY
148,Fetranspor,12862336,6,Silvestre - Castelo (Circular),BUS,4.05,BUS
148,Fetranspor,12862340,893,Jardim Palmares - Campo Grande (via 29 de Março),BUS,4.05,BUS
148,Fetranspor,12862350,805,Alvorada - Jardim Oceânico,BUS,4.05,BUS
148,Fetranspor,12862358,247,Camarista Méier - Passeio (Circular),BUS,4.05,BUS
148,Fetranspor,12862368,217,Andaraí - Carioca (Circular),BUS,4.05,BUS
148,Fetranspor,12862380,940,Ramos (Praia) - Madureira,BUS,4.05,BUS
148,Fetranspor,12862387,680,Penha (Iapi) - Méier (Circular),BUS,4.05,BUS
148,Fetranspor,12862395,476,Méier - Leblon (via Túnel Rebouças) (Circular),BUS,4.05,BUS
148,Fetranspor,12862407,309,Central - Alvorada (via Av. Lúcio Costa / Botafogo / Praia do Flamengo),BUS,4.05,BUS
148,Fetranspor,12862411,945,Pavuna - Cidade Universitária,BUS,4.05,BUS
148,Fetranspor,12862415,404,Cordovil - Leblon (via Av. Brasil) (Circular),BUS,4.05,BUS
148,Fetranspor,12862423,435,Grajaú - Gávea (via Túnel Santa Bárbara),BUS,4.05,BUS
148,Fetranspor,12862432,626,Muda - Praça Saens Peña,BUS,4.05,BUS
148,Fetranspor,12862436,398,Campo Grande - Tiradentes (via Av. Brasil),BUS,4.05,BUS
148,Fetranspor,12863033,345,Jardim Oceânico - Candelária (via Furnas),BUS,4.05,BUS
148,Fetranspor,12863037,850,Mendanha - Campo Grande,BUS,4.05,BUS
148,Fetranspor,12863041,409,Saens Peña - Horto (via Lapa),BUS,4.05,BUS
148,Fetranspor,12863052,775,Vigário Geral - Madureira (Circular),BUS,4.05,BUS
148,Fetranspor,12863064,503,Alto Leblon - Gávea (Circular),BUS,4.05,BUS
148,Fetranspor,12863080,7,Silvestre - Central (Circular),BUS,4.05,BUS
148,Fetranspor,12863088,410,Saens Peña - Gávea (via Túnel Santa Bárbara),BUS,4.05,BUS
148,Fetranspor,12863100,383,Realengo - Praça da República (via Sulacap),BUS,4.05,BUS
148,Fetranspor,12863104,886,Freguesia - Barra da Tijuca (Circular),BUS,4.05,BUS
148,Fetranspor,12863126,790,Campo Grande - Cascadura,BUS,4.05,BUS
148,Fetranspor,12863136,455,Méier - Copacabana (via Parque do Flamengo),BUS,4.05,BUS
148,Fetranspor,12863162,836,Caboclos - Campo Grande (via Rua Olinda Ellis) (Circular),BUS,4.05,BUS
148,Fetranspor,12863168,812,Carobinha - Bangu,BUS,4.05,BUS
148,Fetranspor,12863172,623,Penha - Saens Peña (via Túnel Noel Rosa) (Circular),BUS,4.05,BUS
148,Fetranspor,12863176,311,Engenheiro Leal - Candelária (via Cavalcanti),BUS,4.05,BUS
148,Fetranspor,12863184,388,Santa Cruz - Candelária (via Av. Brasil) (Expresso),BUS,4.05,BUS
148,Fetranspor,12863192,669,Pavuna - Méier,BUS,4.05,BUS
148,Fetranspor,12863211,915,Bonsucesso - Aeroporto Internacional do RJ (AIRJ) (Circular),BUS,4.05,BUS
148,Fetranspor,12863242,692,Méier - Alvorada (via Av. Dom Helder Câmara/Linha Amarela),BUS,4.05,BUS
148,Fetranspor,12863255,107,Central - Urca (Circular),BUS,4.05,BUS
148,Fetranspor,12863261,802,Bangu - Campo Grande (via Rio da Prata),BUS,4.05,BUS
148,Fetranspor,12863265,778,Pavuna - Cascadura (via Estrada de Botafogo) (Circular),BUS,4.05,BUS
148,Fetranspor,12863273,926,Senador Camará - Penha,BUS,4.05,BUS
148,Fetranspor,12863277,498,Circular da Penha - Largo do Machado (via Túnel Santa Bárbara),BUS,4.05,BUS
148,Fetranspor,12863292,859,Covanca - Largo do Tanque (Circular),BUS,4.05,BUS
148,Fetranspor,12863309,201,Santa Alexandrina - Castelo (via Cruz Vermelha) (Circular),BUS,4.05,BUS
148,Fetranspor,12863318,814,Rio da Prata - Bangu (Circular),BUS,4.05,BUS
148,Fetranspor,12863322,837,Campo Grande - Conjunto da Marinha (Circular),BUS,4.05,BUS
148,Fetranspor,12863348,741,Barata - Bangu (via Murundu) (Circular),BUS,4.05,BUS
148,Fetranspor,12863362,884,Sepetiba - Campo Grande (via Estrada do Magarça),BUS,4.05,BUS
148,Fetranspor,12863372,848,Campo Grande - Bairro Monte Santo (Circular),BUS,4.05,BUS
148,Fetranspor,12863979,819,Jardim Bangu - Bangu (Circular),BUS,4.05,BUS
148,Fetranspor,12863993,813,Manguariba - Santa Cruz (Circular),BUS,4.05,BUS
148,Fetranspor,12863997,621,Penha - Saens Peña (via Mangueira) (Circular),BUS,4.05,BUS
148,Fetranspor,12864023,723,Cascadura - Mariópolis,BUS,4.05,BUS
148,Fetranspor,12864027,443,Maré - Leblon (via Central) (Circular),BUS,4.05,BUS
148,Fetranspor,12864035,507,Largo do Machado - Silvestre,BUS,4.05,BUS
148,Fetranspor,12864067,445,Morro do Alemão - Copacabana (via Túnel Santa Bárbara) (Circular),BUS,4.05,BUS
148,Fetranspor,12864101,838,Jardim Maravilha - Campo Grande,BUS,4.05,BUS
148,Fetranspor,12864122,292,Engenho da Rainha - Castelo (Circular),BUS,4.05,BUS
148,Fetranspor,12864147,712,Cascadura - Irajá (Circular),BUS,4.05,BUS
148,Fetranspor,12864160,830,Campo Grande - Distrito Industrial (Circular),BUS,4.05,BUS
148,Fetranspor,12864166,464,Maracanã - Siqueira Campos (Circular),BUS,4.05,BUS
148,Fetranspor,12864183,609,São Francisco Xavier - Méier,BUS,4.05,BUS_SUBWAY
148,Fetranspor,12864200,906,Jardim América - Caju,BUS,4.05,BUS
148,Fetranspor,12864218,679,Grotão - Méier (Circular),BUS,4.05,BUS
148,Fetranspor,12864222,895,Serrinha - Campo Grande (Circular),BUS,4.05,BUS
148,Fetranspor,12864228,392,Bangu - Candelária (via Padre Miguel),BUS,4.05,BUS
148,Fetranspor,12864235,376,Pavuna - Candelária (via Rua Mercúrio),BUS,4.05,BUS
148,Fetranspor,12864239,866,Campo Grande - Pedra de Guaratiba (via Estrada do Magarça) (Circular),BUS,4.05,BUS
148,Fetranspor,12864254,434,Grajaú - Siqueira Campos (via Lapa/Túnel Velho) (Circular),BUS,4.05,BUS
148,Fetranspor,12864815,639,Jardim América - Saens Peña (via Rocha Miranda),BUS,4.05,BUS
148,Fetranspor,12864819,807,Jesuítas - Santa Cruz (Circular),BUS,4.05,BUS
148,Fetranspor,12864823,821,Campo Grande - Corcundinha (via Estrada das Capoeiras) (Circular),BUS,4.05,BUS
148,Fetranspor,12864839,399,Pavuna - Passeio (via Av. Pres. Vargas/Rua Alcobaça),BUS,4.05,BUS
148,Fetranspor,12864845,239,Água Santa - Castelo (via Rua Vinte e Quatro de Maio) (Circular),BUS,4.05,BUS
148,Fetranspor,12864851,688,Pavuna - Méier (via Rua José dos Reis),BUS,4.05,BUS
148,Fetranspor,12864867,767,Campo Grande - Guadalupe (via Vila Kennedy),BUS,4.05,BUS
148,Fetranspor,12864871,210,Caju - Candelária (Circular),BUS,4.05,BUS
148,Fetranspor,12864875,277,Rocha Miranda - Candelária (via São Cristóvão),BUS,4.05,BUS
148,Fetranspor,12864879,329,Bancários - Candelária (via Praia da Rosa),BUS,4.05,BUS
148,Fetranspor,12864891,864,Bangu - Campo Grande,BUS,4.05,BUS
148,Fetranspor,12864899,209,Estácio - Caju (via São Cristóvão) (Circular),BUS,4.05,BUS_SUBWAY
148,Fetranspor,12864906,368,Riocentro - Candelária,BUS,4.05,BUS
148,Fetranspor,12864922,829,Gardênia Azul - Freguesia (Circular),BUS,4.05,BUS
148,Fetranspor,12864930,330,Parque União - Candelária,BUS,4.05,BUS
148,Fetranspor,12864934,782,Cascadura - Marechal Hermes (via Rocha Miranda) (Circular),BUS,4.05,BUS
148,Fetranspor,12864938,934,Ribeira - Portuguesa (via Cocotá) (Circular),BUS,4.05,BUS
148,Fetranspor,12864977,352,Riocentro - Candelária (via Autódromo/Linha Amarela),BUS,4.05,BUS
148,Fetranspor,12865001,611,Camorim - Del Castilho (via Curicica/Linha Amarela),BUS,4.05,BUS_SUBWAY
148,Fetranspor,12865017,365,Mendanha - Tiradentes (Expresso),BUS,4.05,BUS
148,Fetranspor,12865027,950,Vicente Carvalho - Vista Alegre (via Av. Meriti),BUS,4.05,BUS
148,Fetranspor,12865031,652,Méier - Cascadura (via Lins) (Circular),BUS,4.05,BUS
148,Fetranspor,12865043,442,Maré - Copacabana (via Praça Mauá) (Circular),BUS,4.05,BUS
148,Fetranspor,12865049,634,Bananal - Saens Peña,BUS,4.05,BUS
148,Fetranspor,12865059,822,Campo Grande - Corcundinha (via Vila Nova) (Circular),BUS,4.05,BUS
148,Fetranspor,12865068,686,Fazenda da Bica - Madureira (Circular),BUS,4.05,BUS
148,Fetranspor,12865078,925,Aeroporto Internacional do RJ (AIRJ) - Bancários (Circular),BUS,4.05,BUS
148,Fetranspor,12865601,711,Rocha Miranda - Rio Comprido,BUS,4.05,BUS
148,Fetranspor,12865620,731,Campo Grande - Marechal Hermes (via Estrada da Posse),BUS,4.05,BUS
148,Fetranspor,12865649,580,Largo do Machado - Cosme Velho,BUS,4.05,BUS
148,Fetranspor,12865659,756,Santa Cruz - Coelho Neto,BUS,4.05,BUS
148,Fetranspor,12865663,834,Largo do Correia - Campo Grande (via Estrada do Monteiro),BUS,4.05,BUS
148,Fetranspor,12865667,738,Urucânia - Marechal Hermes,BUS,4.05,BUS
148,Fetranspor,12865695,833,Conjunto Manguariba - Campo Grande,BUS,4.05,BUS
148,Fetranspor,12865722,550,Cidade de Deus - Gávea,BUS,4.05,BUS
148,Fetranspor,12865774,781,Cascadura - Marechal Hermes (via Praça Seca) (Circular),BUS,4.05,BUS
148,Fetranspor,12865782,338,Taquara - Candelária (via Linha Amarela),BUS,4.05,BUS
148,Fetranspor,12865786,254,Madureira - Candelária,BUS,4.05,BUS
148,Fetranspor,12865790,845,Campo Grande - Cantagalo (Circular),BUS,4.05,BUS
148,Fetranspor,12865794,924,Aeroporto Internacional do RJ (AIRJ) - Bananal,BUS,4.05,BUS
148,Fetranspor,12865806,922,Tubiacanga - Aeroporto Internacional do RJ (AIRJ) (via Via Ligth) (Circular),BUS,4.05,BUS
148,Fetranspor,12865824,614,Del Castilho - Alvorada,BUS,4.05,BUS_SUBWAY
148,Fetranspor,12865828,181,Rodoviária - São Conrado (via Linha Amarela) (Circular),BUS,4.05,BUS
148,Fetranspor,12865848,415,Usina - Leblon (Circular),BUS,4.05,BUS
148,Fetranspor,12865852,847,Rio da Prata - Campo Grande (via Estrada do Lameirão),BUS,4.05,BUS
148,Fetranspor,12865860,851,Campo Grande  - Escola Amazonas (via Augusto Vasconcelos) (Circular),BUS,4.05,BUS
148,Fetranspor,12865880,426,Usina - Jardim de Alah (via Túnel Santa Bárbara),BUS,4.05,BUS
148,Fetranspor,12865894,416,Saens Peña - Jardim Botânico (Horto) (via Túnel Rebouças),BUS,4.05,BUS
148,Fetranspor,12865900,739,Sulacap - Bangu (Circular),BUS,4.05,BUS
148,Fetranspor,12866435,868,Urucânia - Campo Grande (via Aterrado do Leme),BUS,4.05,BUS
148,Fetranspor,12866441,232,Lins - Castelo (via Rua Aquidabã),BUS,4.05,BUS
148,Fetranspor,12866445,461,São Cristóvão - Ipanema (via Túnel Rebouças) (Circular),BUS,4.05,BUS
148,Fetranspor,12866457,923,Jardim Violeta - Iapi da Penha (via Bangu),BUS,4.05,BUS
148,Fetranspor,12866493,341,Taquara - Candelária,BUS,4.05,BUS
148,Fetranspor,12866497,229,Usina - Castelo (Circular),BUS,4.05,BUS
148,Fetranspor,12866501,725,Ricardo de Albuquerque - Cascadura (Circular),BUS,4.05,BUS
148,Fetranspor,12866526,861,Rio das Pedras - Curicica (via Cidade de Deus),BUS,4.05,BUS
148,Fetranspor,12866543,935,Ribeira - Portuguesa (Circular),BUS,4.05,BUS
148,Fetranspor,12866547,472,Triagem - Leme (via Rodoviária / Praia do Flamengo),BUS,4.05,BUS
148,Fetranspor,12866566,226,Grajaú - Carioca (Circular),BUS,4.05,BUS
148,Fetranspor,12866581,601,Praça Saens Peña - Santa Maria (via Av. Menezes Cortes),BUS,4.05,BUS
148,Fetranspor,12866585,111,Central - Jardim de Alah (via Elevado/Túnel Rebouças) (Circular),BUS,4.05,BUS
148,Fetranspor,12866612,759,Cesarão - Coelho Neto,BUS,4.05,BUS
148,Fetranspor,12866621,743,Barata - Bangu (via Estrada da Água Branca) (Circular),BUS,4.05,BUS
148,Fetranspor,12866651,555,Rio das Pedras - Gávea,BUS,4.05,BUS
148,Fetranspor,12866661,784,Vila Kennedy - Marechal Hermes,BUS,4.05,BUS
148,Fetranspor,12866665,933,Catiri - Cidade Universitária (via Bangu/Av. Brasil),BUS,4.05,BUS
148,Fetranspor,12866669,391,Padre Miguel - Praça Tiradentes,BUS,4.05,BUS
148,Fetranspor,12866675,583,Cosme Velho - Leblon (via Jóquei) (Circular),BUS,4.05,BUS
148,Fetranspor,12866692,379,Catiri - Tiradentes,BUS,4.05,BUS
148,Fetranspor,12866696,892,São Benedito - Santa Cruz (via Matadouro) (Circular),BUS,4.05,BUS
148,Fetranspor,12867184,928,Marechal Hermes - Ramos (Circular),BUS,4.05,BUS
148,Fetranspor,12867190,444,Maré - Copacabana (via Túnel Santa Bárbara) (Circular),BUS,4.05,BUS
148,Fetranspor,12867241,773,Pavuna - Cascadura (via Estrada do Camboatá) (Circular),BUS,4.05,BUS
148,Fetranspor,12867245,364,Jardim Bangu - Tiradentes,BUS,4.05,BUS
148,Fetranspor,12867258,473,São Januário - Lido (via Túnel Rebouças),BUS,4.05,BUS
148,Fetranspor,12867264,783,Marechal Hermes - Praça Seca (Circular),BUS,4.05,BUS
148,Fetranspor,12867268,946,Pavuna - Engenho da Rainha (via Av. Dom Helder Câmara),BUS,4.05,BUS
148,Fetranspor,12867300,616,Del Castilho - Fundão (via Cidade Universitária),BUS,4.05,BUS_SUBWAY
148,Fetranspor,12867310,635,Bananal - Saens Peña (via Linha Vermelha/Cidade Universitária),BUS,4.05,BUS
148,Fetranspor,12867330,378,Marechal Hermes - Castelo,BUS,4.05,BUS
148,Fetranspor,12867380,471,Triagem - Siqueira Campos (via Túnel Velho),BUS,4.05,BUS
148,Fetranspor,12867390,249,Água Santa - Carioca (Circular),BUS,4.05,BUS
148,Fetranspor,12867411,629,Irajá - Saens Peña,BUS,4.05,BUS
148,Fetranspor,12867907,650,Marechal Hermes - Engenho Novo (Circular),BUS,4.05,BUS
148,Fetranspor,12867928,914,Jardim América - Fundão (Circular),BUS,4.05,BUS
148,Fetranspor,12867934,448,Maracaí - São Conrado (Circular),BUS,4.05,BUS
148,Fetranspor,12867964,348,Riocentro - Candelária (via Linha Amarela),BUS,4.05,BUS
148,Fetranspor,12868020,10,Fátima - Central (Circular),BUS,4.05,BUS
148,Fetranspor,12868117,936,Campo Grande - Cidade Universitária (via Av. Brasil),BUS,4.05,BUS
148,Fetranspor,12868547,793,Pavuna - Sulacap,BUS,4.05,BUS
148,Fetranspor,12868616,622,Penha - Saens Peña (via Grajaú) (Circular),BUS,4.05,BUS
148,Fetranspor,12868634,396,Bairro Jabour - Candelária (via Av. Brasil),BUS,4.05,BUS
148,Fetranspor,12868662,951,Vicente Carvalho - Vista Alegre (via Estrada Padre Roser/Shopping Via Brasil),BUS,4.05,BUS
148,Fetranspor,12868694,891A,Sepetiba - Mato Alto,BUS,4.05,BUS
148,Fetranspor,12868712,202,Rio Comprido - Castelo (Circular),BUS,4.05,BUS
148,Fetranspor,12869272,367,Realengo - Praça XV (via Av. Brasil),BUS,4.05,BUS
148,Fetranspor,12869782,525,General Osório - Alvorada,BUS,4.05,BUS
148,Fetranspor,12869808,860,Rio das Pedras - Freguesia (Circular),BUS,4.05,BUS
148,Fetranspor,13386970,BRT 10,Santa Cruz - Alvorada,BUS,4.05,BRT
148,Fetranspor,13387096,BRT 15,Paciência - Salvador Allende,BUS,4.05,BRT
148,Fetranspor,13399815,302,Rodoviária - Alvorada (via Av. Lúcio Costa),BUS,4.05,BUS
148,Fetranspor,13409309,303,Rodoviária - Barra da Tijuca (via Linha Amarela) (Circular),BUS,4.05,BUS
148,Fetranspor,13419130,343,Jardim Oceânico - Candelária (via Linha Amarela),BUS,4.05,BUS
148,Fetranspor,13439213,665,Pavuna - Saens Peña (via Av. Pastor Martin Luther King),BUS,4.05,BUS
148,Fetranspor,13453901,885,Piraquê - Santa Cruz (via Pedra de Guaratiba),BUS,4.05,BUS
148,Fetranspor,20892056,853A,Vila Kennedy - Mato Alto (via Posse),BUS,4.05,BUS
148,Fetranspor,20920163,854A,Campo Grande - Mato Alto,BUS,4.05,BUS
148,Fetranspor,21006459,855A,Bangu - Magarça (via Av. Santa Cruz) (Circular),BUS,4.05,BUS
148,Fetranspor,21025828,874A,Marambaia - Estação Ilha de Guaratiba,BUS,4.05,BUS
148,Fetranspor,21028843,879A,Campo Grande - Magarça,BUS,4.05,BUS
148,Fetranspor,21038454,883A,Bangu - Est. Mato Alto (via Estrada do Pré) (Circular),BUS,4.05,BUS
148,Fetranspor,21171959,896A,Pedra de Guaratiba - Pingo D'Água,BUS,4.05,BUS
148,Fetranspor,22820761,BRT 12,Pingo D'água - Alvorada,BUS,4.05,BRT
148,Fetranspor,26743079,955,Maré - Alvorada (via Linha Amarela),BUS,4.05,BUS
148,Fetranspor,26977125,537,Gávea (PUC) - Rocinha (Via Estr. da Gávea) (Circular),BUS,4.05,BUS
148,Fetranspor,26979915,538,Rocinha - Leme (via Estrada da Gávea/Jóquei) (Circular),BUS,4.05,BUS
148,Fetranspor,26985085,539,Rocinha - Leme (via Estrada da Gávea/Copacabana) (Circular),BUS,4.05,BUS
148,Fetranspor,27566110,628,Penha - Nova América (Circular),BUS,4.05,BUS
148,Fetranspor,29043785,296,Irajá - Castelo,BUS,4.05,BUS
148,Fetranspor,30627429,803,Senador Camará - Taquara (via Catonho),BUS,4.05,BUS
148,Fetranspor,31108376,991A,Taquara - Terminal Alvorada (via Cidade de Deus),BUS,4.05,BUS
148,Fetranspor,31110076,806A,Boiuna - Taquara (via Rio Grande),BUS,4.05,BUS
148,Fetranspor,31116320,816A,Taquara - Estação Outeiro Santo (via Guerenguê e Mapuá) (Circular),BUS,4.05,BUS
148,Fetranspor,31117006,865A,Pau da Fome - Taquara (via Rodrigues Caldas) (Circular),BUS,4.05,BUS
148,Fetranspor,31117494,832,Taquara - Alvorada (via Curicica / Península),BUS,4.05,BUS
148,Fetranspor,31119868,880,Rio das Pedras - Terminal Alvorada (via Av. Ayrton Senna),BUS,4.05,BUS
148,Fetranspor,31125278,882A,Tanque - Terminal Alvorada (via Ayrton Senna),BUS,4.05,BUS
148,Fetranspor,31127957,565,Tanque - Gávea (via Freguesia),BUS,4.05,BUS
148,Fetranspor,31130564,610A,Del Castilho - Tanque (via Linha Amarela),BUS,4.05,BUS
148,Fetranspor,31131205,636,Praça Seca - Saens Peña (via Madureira),BUS,4.05,BUS
148,Fetranspor,31138666,890A,Tanque - Terminal Alvorada (via Cidade de Deus),BUS,4.05,BUS
148,Fetranspor,31140844,932A,Gardênia Azul - Tanque (via Estrada Pau Ferro),BUS,4.05,BUS
148,Fetranspor,31143681,877A,Tanque - Rio das Pedras (Circular),BUS,4.05,BUS
148,Fetranspor,31151412,810,Pontal - Taquara,BUS,4.05,BUS
148,Fetranspor,31153811,878,Tanque - Barra da Tijuca (via Av. Eng. Souza Filho),BUS,4.05,BUS
148,Fetranspor,31164527,954,Taquara - Recreio (via Benvindo Novaes),BUS,4.05,BUS
148,Fetranspor,31168297,800A,Terminal Centro Olímpico - Taquara (via Estr. do Guerenguê / Av. Olof Palme),BUS,4.05,BUS
148,Fetranspor,31175985,831A,Colônia - Taquara,BUS,4.05,BUS
148,Fetranspor,31180065,963A,Santa Maria - Taquara,BUS,4.05,BUS
148,Fetranspor,31182772,966A,Tanque - Hosp. Cardoso Fontes (Circular),BUS,4.05,BUS
148,Fetranspor,31185687,346,Madureira - Candelária,BUS,4.05,BUS
148,Fetranspor,31189908,353,Praça Seca - Rodoviária,BUS,4.05,BUS
148,Fetranspor,31192624,953A,Taquara - Cidade de Deus (via Ret. dos Artistas),BUS,4.05,BUS
148,Fetranspor,31233230,918,Bangu - Irajá (via Jardim Violeta) (Circular),BUS,4.05,BUS
148,Fetranspor,31591440,548,Integrada 03 - Alvorada - Metrô Botafogo (via Av. das Américas/Jardim Botânico) (Circular),BUS,4.05,BUS
148,Fetranspor,31694628,858A,São Fernando - Paciência,BUS,4.05,BUS
148,Fetranspor,31695165,870A,Sepetiba - Santa Cruz,BUS,4.05,BUS
148,Fetranspor,31695385,871A,Sepetiba - Cesarão III (via Croácia) (circular),BUS,4.05,BUS
148,Fetranspor,31695597,872A,Sepetiba - Cesarão (via Sepetiba),BUS,4.05,BUS
148,Fetranspor,31696017,828A,São Jorge - Campo Grande (via Estação Campo Grande),BUS,4.05,BUS
148,Fetranspor,31789151,265,Marechal Hermes - Castelo (Circular),BUS,4.05,BUS
148,Fetranspor,31861246,BRT 30,Alvorada - Galeão,BUS,4.05,BRT
148,Fetranspor,31975223,691,Méier - Cidade de Deus (via Taquara/Linha Amarela),BUS,4.05,BUS
148,Fetranspor,31992559,BRT 13,Mato Alto - Alvorada,BUS,4.05,BRT
148,Fetranspor,32380161,875A,Tanque - Chácara (Circular),BUS,4.05,BUS
148,Fetranspor,32386294,702A,Praça Seca - Madureira,BUS,4.05,BUS
148,Fetranspor,32583952,856A,Terminal Centro Olímpico - Terminal Taquara (via André Rocha),BUS,4.05,BUS
148,Fetranspor,32627014,910A,Bananal - Irajá,BUS,4.05,BUS
148,Fetranspor,33083160,BRT 22,Alvorada - Jardim Oceânico,BUS,4.05,BRT
148,Fetranspor,33083413,BRT 40,Madureira - Jardim Oceânico (via Alvorada),BUS,4.05,BRT
148,Fetranspor,33084158,BRT 42,Fundão - Divina Providência,BUS,4.05,BRT
148,Fetranspor,33251844,BRT 17,Santa Cruz - Campo Grande,BUS,4.05,BRT
148,Fetranspor,33491565,BRT 19,Pingo D´água - Salvador Allende,BUS,4.05,BRT
148,Fetranspor,33643366,817A,Terminal Recreio - Vargem Grande (via Alceu de Carvalho/Av. Gláucio Gil),BUS,4.05,BUS
148,Fetranspor,33650988,827A,Terminal Recreio - Vargem Grande (via Av. Benvindo de Novaes/Gláucio Gil),BUS,4.05,BUS
148,Fetranspor,33655604,823A,Vargem Grande - Recreio (via Estr. do Pontal) (Circular),BUS,4.05,BUS
148,Fetranspor,36540635,770,Campo Grande - Coelho Neto (Metrô) (Circular),BUS,4.05,BUS
148,Fetranspor,37261939,552,Integrada 02 - Rio Sul - Alvorada (via Av. Atlântica/Av. Niemeyer/Av. Lúcio Costa),BUS,4.05,BUS
148,Fetranspor,37262221,100,Troncal 01 - General Osório - Central (via Av. Nossa Senhora de Copacabana/Aterro do Flamengo),BUS,4.05,BUS
148,Fetranspor,37262794,105,Troncal 05 - Alto Gávea - Central (via Praia de Botafogo/Praia do Flamengo/Rua Primeiro de Março),BUS,4.05,BUS
148,Fetranspor,37263080,118,Troncal 08 - Cosme Velho - Rodoviária (via Praça Mauá),BUS,4.05,BUS
148,Fetranspor,37263366,517,Gávea (PUC) - Glória (via Fonte da Saudade) (Circular),BUS,4.05,BUS
148,Fetranspor,37263371,102,Troncal 02 - Jardim de Alah - Rodoviária (via Lapa),BUS,4.05,BUS
148,Fetranspor,37263375,554,Integrada 09 - Rio Sul - Piabas (via Av. Atlântica/Av. Niemeyer/Estrada Benvindo de Novaes),BUS,4.05,BUS
148,Fetranspor,37263661,582,Circular 2 - Leblon - Urca (via Jardim Botânico/Túnel Rebouças/Laranjeiras) (Circular),BUS,4.05,BUS
148,Fetranspor,37263947,551,Integrada 01 - Rio Sul - Alvorada (via Av. Atlântica/Lagoa-Barra/Av. das Américas),BUS,4.05,BUS
148,Fetranspor,37308999,553,Integrada 08 - Rio Sul - Recreio (via Av. Atlântica/Lagoa Barra/Av. das Américas),BUS,4.05,BUS
148,Fetranspor,37836430,854AA,Campo Grande - Ilha de Guaratiba,BUS,4.05,BUS
148,Fetranspor,37860183,106,Troncal 03 - Central - Leblon (via Aterro/Av. Nossa Senhora de Copacabana) (Circular),BUS,4.05,BUS
148,Fetranspor,37860538,104,Troncal 04 - São Conrado - Rodoviária (via Av. N. S. de Copacabana/Catete/Av. Francisco Bicalho),BUS,4.05,BUS
148,Fetranspor,37873368,11,Rodoviária - Castelo (Circular),BUS,4.05,BUS
148,Fetranspor,38049426,"",Curicica (Projac) - Rio Sul (via B. da Tijuca) (Circular),BUS,4.05,BUS
148,Fetranspor,38170098,513,Nova Iguaçu - Austin (via Comendador Soares/Rodilândia),BUS,4.05,BUS_SUBWAY
148,Fetranspor,38444184,108,Troncal 06 - Jardim de Alah - Rodoviária (via Túnel Velho/Túnel Santa Bárbara),BUS,4.05,BUS
148,Fetranspor,38448391,558,Integrada 06 - General Osório - Cidade de Deus (via Itanhangá),BUS,4.05,BUS
148,Fetranspor,38944777,772,Bangu - Coelho Neto  (Circular),BUS,4.05,BUS
148,Fetranspor,39247868,581,Circular 1 - Leblon - Cosme Velho (via Copacabana/Urca/Largo do Machado) (Circular),BUS,4.05,BUS
148,Fetranspor,39459395,209,Valparaíso - Centro,BUS,4.05,BUS_SUBWAY
148,Fetranspor,39459475,513,Comunidade do Alemão - Terminal Centro,BUS,4.05,BUS_SUBWAY
148,Fetranspor,39459507,603,Águas Lindas - Terminal Corrêas,BUS,4.05,BUS_SUBWAY
148,Fetranspor,39459509,605,Vale das Videiras - Terminal Itaipava,BUS,4.05,BUS_SUBWAY
148,Fetranspor,39459513,608,Calembe - Terminal Corrêas,BUS,4.05,BUS_SUBWAY
148,Fetranspor,39459514,609,Castelo São Manoel - Terminal Corrêas,BUS,4.05,BUS_SUBWAY
148,Fetranspor,39459516,611,Bonfim - Terminal Corrêas,BUS,4.05,BUS_SUBWAY
148,Fetranspor,39459520,616,Vale das Flores - Terminal Corrêas,BUS,4.05,BUS_SUBWAY
148,Fetranspor,39608713,109,Troncal 09 - São Conrado - Central (via Jardim Botânico/Túnel Santa Bárbara),BUS,4.05,BUS
148,Fetranspor,39620065,101,Troncal 10 - Jardim de Alah - Cruz Vermelha (via Jardim Botânico/Lapa),BUS,4.05,BUS
148,Fetranspor,39624538,112,Rodoviária - Alto da Gávea (via Túnel Rebouças/Rio Comprido) (Circular),BUS,4.05,BUS
148,Fetranspor,39712041,BRT 41,Madureira - Terminal Recreio (via Curicica),BUS,4.05,BRT
148,Fetranspor,40859680,213,Muda - Candelária (Circular),BUS,4.05,BUS
148,Fetranspor,40863114,275,Méier - Candelária (Circular),BUS,4.05,BUS
148,Fetranspor,41177762,474,Jacaré - Jardim de Alah (via Túnel Santa Bárbara),BUS,4.05,BUS
148,Fetranspor,41834767,755,Realengo - Coelho Neto (Circular),BUS,4.05,BUS
148,Fetranspor,41851267,789,Campo Grande - Cascadura,BUS,4.05,BUS
148,Fetranspor,42409102,117,Troncal 07 - Central - Cosme Velho (Via Túnel Sta. Bárbara),BUS,4.05,BUS
148,Fetranspor,42619650,218,Vila Isabel - Candelária (Circular),BUS,4.05,BUS
148,Fetranspor,42630377,826,Carobinha - Campo Grande (via Estr. do Lameirão) (Circular),BUS,4.05,BUS
148,Fetranspor,42891683,939A,Gardênia Azul - Tanque (via Lgo. Freguesia/Taquara) (Circular),BUS,4.05,BUS
148,Fetranspor,43425849,900,Merck - Downtown (Circular),BUS,4.05,BUS
148,Fetranspor,48624849,BRT 53,Sulacap - Jardim Oceânico (via Alvorada),BUS,4.05,BRT
148,Fetranspor,48625201,BRT 51,Recreio - Vila Militar,BUS,4.05,BRT
148,Fetranspor,48627770,BRT 20,Santa Cruz - Salvador Allende,BUS,4.05,BRT
148,Fetranspor,48627939,BRT 21A,Recreio Shopping - Jardim Oceânico (via Alvorada),BUS,4.05,BRT
148,Fetranspor,48629961,BRT 31,Alvorada - Vicente de Carvalho,BUS,4.05,BRT
148,Fetranspor,48640656,LECD 23,Freguesia - Madureira (via Cascadura) (Circular),BUS,4.05,BUS
148,Fetranspor,48666391,203,Rio Comprido - Candelária (via Av. Presidente Vargas / Central) (Circular),BUS,4.05,BUS
148,Fetranspor,48814640,916A,Bonsucesso - Vaz Lobo (Circular),BUS,4.05,BUS
148,Fetranspor,48925678,818,Terminal Recreio - Recreio Shopping (via Genaro de Carvalho / Silvia Pozzano) (Circular),BUS,4.05,BUS
148,Fetranspor,48940358,881,Jardim Oceânico - Curicica (via Barra da Tijuca/ Av. Lúcio Costa),BUS,4.05,BUS
148,Fetranspor,49190953,809,Sagrado Coração - Santa Cruz (Circular),BUS,4.05,BUS
148,Fetranspor,49191520,897,Paciência - Pingo D'agua (Via Est. 31 de Outubro) (Circular),BUS,4.05,BUS
148,Fetranspor,49746078,BRT 35,Madureira - Alvorada,BUS,4.05,BRT
148,Fetranspor,50366545,BRT 38,Fundão - Alvorada,BUS,4.05,BRT
148,Fetranspor,50369274,BRT 11,Santa Cruz - Alvorada,BUS,4.05,BRT
148,Fetranspor,50369668,BRT 25,Mato Alto - Jardim Oceânico (via Alvorada),BUS,4.05,BRT
148,Fetranspor,50373368,BRT 18,Recreio Shopping - Jardim Oceânico (via Barra Shop.),BUS,4.05,BRT
148,Fetranspor,52403078,BRT 43,Fundão - Santa Efigênia,BUS,4.05,BRT
148,Fetranspor,52404235,BRT 46,Penha - Alvorada,BUS,4.05,BRT
13794444,CCR Barcas,13386993,"",Barca Praça XV - Cocotá,FERRY,6.5,FERRY
13794444,CCR Barcas,13387026,"",Barca Praça XV - Paquetá,FERRY,6.5,FERRY
13794444,CCR Barcas,13387030,"",Barca Praça XV - Araribóia,FERRY,6.5,FERRY
13931577,Metro Rio,13387065,L2,Linha 2 (Verde),SUBWAY,5,SUBWAY
13931577,Metro Rio,13994710,"",(Metrô na Superfície) Botafogo - Gávea,BUS,4.05,BUS
13931577,Metro Rio,13994715,"",(Metrô na Superfície) Ipanema - Gávea,BUS,4.05,BUS
13931577,Metro Rio,49682466,L1/L4,Linha 1/Linha 4 (Laranja/Amarela),SUBWAY,5,SUBWAY
45561318,VLT Carioca,45561324,VLT-01,Linha 1 (Azul),TRAM,3.8,TRAM
45561318,VLT Carioca,49177221,VLT-02,Linha 2 (Verde),TRAM,3.8,TRAM
